﻿{
  "player": {
    "type": "player",
    "design": 
    "movement": 
    "bulletdesign":
    "bulletmovement":
    "quantity": 1,
    "positions": [
      {
        "x":
        "y": 
      }
    ],
    "time": {
      "start": 
      "end":
    }
  },
  "waves": [
    {
      "time": {
        "start":
        "end":
      },
      "entities": [
        {
          "type": "enemy",
          "design":
          "movement":
          "bulletdesign":
          "bulletmovement":
          "quantity":
          "positionsrelative": [
            {
              "x":
              "y":
            },
            {
              "x":
              "y":
            }
          ],
          "time": {
            "start":
            "end":
          }
        }
      ],
      "powerups": [
        {
          "type": "powerup",
          "design":
          "movement":
          "powerup":
          "quantity":
          "positionsrelative": [
            {
              "x":
              "y":
            }
          ],
          "time": {
            "start":
            "end":
          }
        }
      ]
    }
  ]

}
