﻿{
  "player": {
    "type": "player",
    "design": "greenplane",
    "movement": "controlled",
    "bulletdesign": "yellowlaser",
    "bulletmovement": "upstraight",
    "quantity": 1,
    "positions": [
      {
        "x": 960,
        "y": 1620
      }
    ],
    "time": {
      "start": 0,
      "end": 99999
    }
  },
  "waves": [
    {
      "time": {
        "start": 0,
        "end": 6
      },
      "entities": [
        {
          "type": "enemy",
          "design": "orangeplane",
          "movement": "downstraight",
          "bulletdesign": "yellowball",
          "bulletmovement": "downstraight",
          "quantity": 1,
          "positionsrelative": [
            {
              "x": 0,
              "y": 0
            },
            {
              "x": 0.5,
              "y": 0
            },
            {
              "x": 1.0,
              "y": 0
            }
          ],
          "time": {
            "start": 0,
            "end": 4
          }
        }
      ],
      "powerups": [
        {
          "type": "powerup",
          "design": "zak",
          "movement": "none",
          "powerup": "powerupblackbullet",
          "quantity": 1,
          "positionsrelative": [
            {
              "x": 0.25,
              "y": 0.1
            }
          ],
          "time": {
            "start": 2,
            "end": 5
          }
        }
      ]
    },
    {
      "time": {
        "start": 4,
        "end": 10
      },
      "entities": [
        {
          "type": "enemy",
          "design": "orangeplane",
          "movement": "downstraight",
          "bulletdesign": "blackbullet",
          "bulletmovement": "downstraight",
          "quantity": 1,
          "positionsrelative": [
            {
              "x": 0,
              "y": 0
            },
            {
              "x": 1.0,
              "y": 0
            }
          ],
          "time": {
            "start": 4,
            "end": 8
          }
        },
        {
          "type": "enemy",
          "design": "orangeplane",
          "movement": "downstraight",
          "bulletdesign": "blackbullet",
          "bulletmovement": "downwave",
          "quantity": 1,
          "positionsrelative": [
            {
              "x": 0.5,
              "y": 0
            }
          ],
          "time": {
            "start": 5,
            "end": 8
          }
        }
      ],
      "powerups": [

      ]
    }
  ]
}